thumb,index,middle,ring,little,gesture,timestamp
837,206,207,205,226,HELLO,0
841,217,207,225,237,HELLO,0
844,197,210,216,240,HELLO,0
834,189,202,230,222,HELLO,0
839,208,209,223,226,HELLO,0
834,211,227,225,242,HELLO,0
854,213,213,207,228,HELLO,0
852,219,202,228,226,HELLO,0
838,214,207,226,232,HELLO,0
845,212,199,237,236,HELLO,0
857,214,204,234,217,HELLO,0
847,211,211,220,241,HELLO,0
846,203,211,226,242,HELLO,0
829,223,194,237,236,HELLO,0
831,217,203,227,239,HELLO,0
850,200,209,215,239,HELLO,0
850,220,207,221,236,HELLO,0
846,200,207,228,236,HELLO,0
844,196,203,223,234,HELLO,0
847,210,227,222,233,HELLO,0
861,204,199,217,212,HELLO,0
858,206,211,205,224,HELLO,0
850,209,214,226,237,HELLO,0
854,197,194,224,226,HELLO,0
830,217,205,230,224,HELLO,0
834,220,211,221,234,HELLO,0
849,194,210,211,230,HELLO,0
835,195,183,224,235,HELLO,0
837,200,188,215,218,HELLO,0
842,205,198,213,231,HELLO,0
848,202,203,224,235,HELLO,0
819,209,209,205,237,HELLO,0
854,194,214,222,235,HELLO,0
820,211,201,219,240,HELLO,0
835,199,198,230,226,HELLO,0
831,215,198,220,225,HELLO,0
838,201,193,226,246,HELLO,0
840,206,188,213,225,HELLO,0
836,201,195,222,243,HELLO,0
835,202,212,210,233,HELLO,0
834,214,202,215,227,HELLO,0
836,205,196,223,235,HELLO,0
828,217,200,216,227,HELLO,0
826,220,220,220,248,HELLO,0
830,194,216,214,239,HELLO,0
834,203,208,223,220,HELLO,0
846,213,200,222,230,HELLO,0
840,207,213,214,228,HELLO,0
841,215,219,209,220,HELLO,0
837,210,210,218,232,HELLO,0
841,212,216,224,238,HELLO,0
844,216,203,219,237,HELLO,0
852,215,204,210,235,HELLO,0
845,209,208,230,239,HELLO,0
849,190,207,233,234,HELLO,0
841,227,217,242,247,HELLO,0
836,215,213,214,224,HELLO,0
830,208,189,213,232,HELLO,0
843,224,211,219,233,HELLO,0
840,214,224,216,229,HELLO,0
852,220,202,213,237,HELLO,0
842,203,201,222,222,HELLO,0
838,211,190,215,221,HELLO,0
841,207,206,221,229,HELLO,0
851,205,214,213,218,HELLO,0
837,220,200,226,231,HELLO,0
836,203,207,206,220,HELLO,0
840,216,204,215,207,HELLO,0
833,201,212,216,231,HELLO,0
850,203,187,207,212,HELLO,0
829,190,208,224,228,HELLO,0
843,216,195,224,227,HELLO,0
857,219,233,206,240,HELLO,0
842,212,201,212,226,HELLO,0
828,195,200,236,219,HELLO,0
843,203,209,207,224,HELLO,0
840,194,184,213,244,HELLO,0
850,213,208,235,224,HELLO,0
844,200,204,231,224,HELLO,0
836,218,194,202,240,HELLO,0
838,219,199,217,219,HELLO,0
834,214,213,221,228,HELLO,0
843,204,210,218,219,HELLO,0
831,203,202,217,230,HELLO,0
835,223,214,206,230,HELLO,0
824,224,214,217,223,HELLO,0
849,208,218,224,238,HELLO,0
852,216,210,220,249,HELLO,0
838,220,214,214,227,HELLO,0
850,210,222,217,233,HELLO,0
853,213,207,235,243,HELLO,0
849,210,220,217,226,HELLO,0
836,203,203,218,231,HELLO,0
841,215,216,208,228,HELLO,0
850,207,210,223,250,HELLO,0
844,226,207,233,235,HELLO,0
841,207,209,230,214,HELLO,0
833,219,191,234,248,HELLO,0
853,222,205,210,232,HELLO,0
834,208,204,220,241,HELLO,0
215,816,809,815,800,YES,0
191,802,816,816,805,YES,0
208,807,830,836,792,YES,0
202,794,822,808,797,YES,0
204,787,820,798,798,YES,0
205,794,815,802,794,YES,0
201,801,833,817,775,YES,0
237,801,823,803,772,YES,0
193,805,817,817,793,YES,0
203,801,821,820,780,YES,0
198,810,826,794,785,YES,0
193,794,820,800,812,YES,0
225,777,826,815,795,YES,0
208,807,825,809,791,YES,0
201,792,813,827,792,YES,0
206,800,814,806,791,YES,0
195,806,819,810,799,YES,0
198,795,835,819,802,YES,0
207,787,829,816,780,YES,0
193,801,826,799,771,YES,0
207,793,810,815,793,YES,0
213,812,818,809,778,YES,0
185,783,825,799,764,YES,0
209,784,798,819,792,YES,0
210,803,835,821,799,YES,0
185,783,811,813,772,YES,0
196,806,807,820,787,YES,0
211,801,826,803,803,YES,0
204,797,819,795,775,YES,0
209,814,815,815,787,YES,0
208,783,813,793,776,YES,0
202,807,808,823,801,YES,0
204,774,816,797,801,YES,0
175,788,819,801,790,YES,0
191,795,828,803,776,YES,0
200,823,808,812,805,YES,0
220,809,823,794,758,YES,0
209,791,820,810,821,YES,0
221,792,829,818,800,YES,0
207,811,824,802,772,YES,0
197,806,818,812,800,YES,0
197,782,826,813,780,YES,0
192,798,811,824,793,YES,0
201,802,807,809,797,YES,0
210,822,801,798,776,YES,0
200,829,834,806,785,YES,0
193,816,835,823,807,YES,0
195,775,826,813,791,YES,0
187,801,816,830,795,YES,0
204,818,828,826,804,YES,0
186,777,818,813,786,YES,0
213,789,800,799,788,YES,0
206,809,808,820,752,YES,0
221,801,823,819,787,YES,0
207,789,803,809,812,YES,0
195,804,832,826,799,YES,0
182,795,842,816,800,YES,0
200,783,832,812,781,YES,0
173,808,824,820,781,YES,0
229,802,834,807,802,YES,0
210,801,804,801,797,YES,0
202,788,806,791,797,YES,0
181,800,823,812,793,YES,0
218,803,792,797,801,YES,0
194,806,804,825,796,YES,0
206,800,805,813,792,YES,0
205,791,796,809,765,YES,0
198,794,797,802,780,YES,0
175,803,821,801,796,YES,0
190,802,826,814,795,YES,0
184,790,839,836,776,YES,0
219,789,840,826,788,YES,0
196,800,822,789,782,YES,0
195,803,806,807,783,YES,0
207,815,841,790,790,YES,0
205,783,820,804,799,YES,0
187,779,814,828,781,YES,0
209,798,831,809,792,YES,0
225,799,818,815,779,YES,0
198,773,807,793,779,YES,0
176,794,821,797,761,YES,0
195,805,815,806,799,YES,0
189,798,830,801,824,YES,0
180,833,812,820,796,YES,0
193,835,841,798,795,YES,0
202,812,839,815,788,YES,0
203,790,821,814,793,YES,0
216,789,841,805,785,YES,0
195,812,825,815,781,YES,0
192,801,806,799,791,YES,0
207,818,800,819,806,YES,0
209,809,827,812,808,YES,0
208,790,839,820,778,YES,0
217,808,832,822,786,YES,0
189,820,821,802,809,YES,0
186,797,808,820,809,YES,0
197,801,816,803,790,YES,0
219,806,816,809,764,YES,0
206,807,840,815,792,YES,0
226,800,842,795,780,YES,0
508,311,342,336,321,NO,0
497,321,302,313,337,NO,0
475,307,321,301,322,NO,0
495,289,285,317,326,NO,0
478,290,309,311,311,NO,0
533,314,310,319,353,NO,0
481,296,307,330,360,NO,0
526,311,307,321,344,NO,0
488,295,296,340,333,NO,0
500,290,306,332,355,NO,0
481,293,332,302,310,NO,0
518,316,315,314,318,NO,0
512,304,302,359,328,NO,0
479,305,317,325,323,NO,0
496,308,305,306,331,NO,0
498,300,313,304,345,NO,0
509,307,329,298,361,NO,0
515,326,323,307,320,NO,0
504,309,290,341,357,NO,0
528,304,314,315,347,NO,0
498,303,304,320,318,NO,0
485,301,288,319,311,NO,0
498,299,305,325,312,NO,0
493,310,317,311,345,NO,0
527,276,301,323,340,NO,0
503,303,314,307,322,NO,0
510,298,307,332,332,NO,0
502,306,323,313,346,NO,0
502,308,320,328,327,NO,0
483,291,297,325,308,NO,0
493,293,314,312,321,NO,0
508,275,306,295,326,NO,0
493,282,324,318,334,NO,0
491,284,307,309,332,NO,0
480,292,276,338,333,NO,0
502,283,311,317,332,NO,0
510,280,313,313,296,NO,0
486,304,318,313,321,NO,0
499,294,318,317,319,NO,0
515,283,307,313,324,NO,0
504,283,310,320,337,NO,0
515,303,320,320,314,NO,0
491,300,315,319,342,NO,0
472,300,299,326,329,NO,0
495,315,311,296,350,NO,0
513,306,309,331,334,NO,0
488,344,323,313,335,NO,0
522,294,291,319,338,NO,0
497,319,314,337,336,NO,0
501,340,290,331,330,NO,0
504,286,311,337,337,NO,0
497,319,306,346,336,NO,0
484,302,304,318,328,NO,0
526,288,310,332,334,NO,0
519,314,323,316,334,NO,0
494,296,310,327,346,NO,0
507,314,303,326,355,NO,0
509,292,314,319,331,NO,0
518,313,319,316,327,NO,0
493,311,326,329,336,NO,0
476,317,311,327,317,NO,0
492,295,302,315,326,NO,0
509,296,304,318,341,NO,0
498,291,329,315,325,NO,0
507,301,299,312,344,NO,0
504,290,326,309,330,NO,0
499,297,306,314,311,NO,0
506,300,305,334,357,NO,0
492,294,308,337,326,NO,0
491,293,304,300,325,NO,0
513,304,308,314,312,NO,0
504,312,298,307,335,NO,0
495,302,317,318,331,NO,0
493,304,292,319,343,NO,0
481,304,319,338,336,NO,0
496,316,280,307,303,NO,0
488,290,321,322,341,NO,0
487,298,302,320,322,NO,0
503,294,316,298,323,NO,0
506,288,304,311,333,NO,0
490,303,302,292,329,NO,0
487,292,317,321,328,NO,0
499,294,314,326,343,NO,0
518,287,301,329,330,NO,0
522,317,319,325,330,NO,0
492,301,315,324,325,NO,0
498,308,306,332,318,NO,0
502,321,311,295,333,NO,0
503,316,318,318,342,NO,0
450,301,309,357,350,NO,0
510,296,323,339,337,NO,0
507,285,312,331,323,NO,0
507,308,336,319,331,NO,0
475,324,318,342,312,NO,0
509,296,323,332,346,NO,0
504,297,284,314,331,NO,0
522,322,289,342,317,NO,0
483,273,304,321,371,NO,0
520,317,301,320,326,NO,0
507,303,281,307,342,NO,0
831,766,215,217,220,THANK_YOU,0
818,783,184,199,208,THANK_YOU,0
830,775,203,217,216,THANK_YOU,0
803,782,208,216,227,THANK_YOU,0
812,765,201,222,218,THANK_YOU,0
833,789,213,202,230,THANK_YOU,0
819,793,199,209,236,THANK_YOU,0
824,787,197,192,222,THANK_YOU,0
836,778,209,195,228,THANK_YOU,0
821,784,203,183,240,THANK_YOU,0
826,801,194,217,206,THANK_YOU,0
830,772,198,203,218,THANK_YOU,0
817,782,196,221,219,THANK_YOU,0
817,766,197,212,233,THANK_YOU,0
827,779,202,220,231,THANK_YOU,0
818,785,197,218,231,THANK_YOU,0
826,762,207,216,230,THANK_YOU,0
802,789,185,223,217,THANK_YOU,0
803,776,189,225,210,THANK_YOU,0
820,779,184,222,236,THANK_YOU,0
809,767,220,208,234,THANK_YOU,0
807,778,223,202,210,THANK_YOU,0
821,794,196,214,226,THANK_YOU,0
812,773,209,194,206,THANK_YOU,0
822,776,216,199,213,THANK_YOU,0
807,785,197,224,219,THANK_YOU,0
817,774,210,203,226,THANK_YOU,0
796,786,206,212,227,THANK_YOU,0
805,793,192,218,198,THANK_YOU,0
825,796,210,197,226,THANK_YOU,0
821,783,204,203,220,THANK_YOU,0
802,774,199,215,234,THANK_YOU,0
830,783,202,202,214,THANK_YOU,0
822,784,209,200,207,THANK_YOU,0
815,772,194,221,241,THANK_YOU,0
800,778,207,204,218,THANK_YOU,0
813,763,200,203,220,THANK_YOU,0
819,779,196,199,223,THANK_YOU,0
812,767,195,198,223,THANK_YOU,0
811,779,199,205,233,THANK_YOU,0
818,779,202,207,237,THANK_YOU,0
806,792,202,214,225,THANK_YOU,0
812,776,194,230,229,THANK_YOU,0
833,776,195,192,209,THANK_YOU,0
830,788,189,225,224,THANK_YOU,0
812,786,200,213,206,THANK_YOU,0
822,787,211,207,217,THANK_YOU,0
822,781,188,188,209,THANK_YOU,0
803,782,204,220,234,THANK_YOU,0
807,782,202,215,217,THANK_YOU,0
823,784,196,220,204,THANK_YOU,0
825,764,202,209,224,THANK_YOU,0
817,774,190,187,225,THANK_YOU,0
835,771,202,212,219,THANK_YOU,0
831,783,205,217,223,THANK_YOU,0
815,791,201,211,222,THANK_YOU,0
832,771,185,192,224,THANK_YOU,0
825,775,200,194,214,THANK_YOU,0
805,769,227,207,247,THANK_YOU,0
812,771,208,208,207,THANK_YOU,0
818,774,198,225,235,THANK_YOU,0
816,788,208,208,215,THANK_YOU,0
819,799,208,208,218,THANK_YOU,0
812,786,189,224,227,THANK_YOU,0
821,760,204,225,207,THANK_YOU,0
804,788,193,212,237,THANK_YOU,0
831,761,200,199,224,THANK_YOU,0
818,781,203,193,225,THANK_YOU,0
820,783,198,219,207,THANK_YOU,0
809,765,208,209,220,THANK_YOU,0
810,773,190,218,187,THANK_YOU,0
816,791,202,201,210,THANK_YOU,0
812,796,193,208,204,THANK_YOU,0
825,782,198,220,234,THANK_YOU,0
833,787,193,211,236,THANK_YOU,0
819,777,190,213,219,THANK_YOU,0
808,773,185,201,204,THANK_YOU,0
817,760,194,219,224,THANK_YOU,0
818,769,182,209,226,THANK_YOU,0
802,771,180,191,236,THANK_YOU,0
820,779,209,210,214,THANK_YOU,0
827,786,202,220,239,THANK_YOU,0
848,766,194,215,207,THANK_YOU,0
822,795,206,195,225,THANK_YOU,0
810,776,205,213,199,THANK_YOU,0
830,787,191,206,222,THANK_YOU,0
825,774,200,204,219,THANK_YOU,0
820,764,190,225,220,THANK_YOU,0
827,797,189,214,215,THANK_YOU,0
807,788,209,231,220,THANK_YOU,0
810,783,207,213,230,THANK_YOU,0
817,808,213,197,218,THANK_YOU,0
818,780,192,196,231,THANK_YOU,0
820,773,204,213,229,THANK_YOU,0
823,791,211,220,209,THANK_YOU,0
821,779,202,216,236,THANK_YOU,0
827,790,188,208,214,THANK_YOU,0
815,800,205,202,209,THANK_YOU,0
821,774,187,215,231,THANK_YOU,0
827,773,205,213,220,THANK_YOU,0
605,599,593,553,546,PLEASE,0
599,596,597,559,554,PLEASE,0
605,591,590,564,570,PLEASE,0
617,594,584,564,572,PLEASE,0
600,610,582,586,563,PLEASE,0
591,590,593,572,545,PLEASE,0
584,595,575,580,565,PLEASE,0
592,602,585,575,561,PLEASE,0
582,612,584,563,553,PLEASE,0
596,591,576,562,558,PLEASE,0
600,598,584,565,542,PLEASE,0
597,593,600,582,558,PLEASE,0
612,586,584,580,575,PLEASE,0
582,584,576,580,546,PLEASE,0
585,592,600,580,568,PLEASE,0
611,609,579,560,550,PLEASE,0
597,591,600,567,571,PLEASE,0
614,595,585,591,577,PLEASE,0
589,576,567,578,577,PLEASE,0
594,595,578,588,567,PLEASE,0
592,587,595,570,568,PLEASE,0
599,585,572,555,562,PLEASE,0
602,608,575,576,558,PLEASE,0
601,577,588,577,574,PLEASE,0
618,590,581,561,542,PLEASE,0
611,574,579,564,566,PLEASE,0
607,593,584,577,561,PLEASE,0
588,585,555,561,557,PLEASE,0
591,603,580,568,557,PLEASE,0
603,567,585,574,550,PLEASE,0
599,574,578,566,561,PLEASE,0
587,585,569,553,537,PLEASE,0
590,604,595,568,531,PLEASE,0
599,564,583,557,550,PLEASE,0
581,584,559,561,552,PLEASE,0
609,592,565,589,541,PLEASE,0
587,586,571,574,565,PLEASE,0
611,585,591,585,546,PLEASE,0
597,574,583,577,553,PLEASE,0
608,597,579,569,572,PLEASE,0
604,597,590,539,554,PLEASE,0
612,590,573,583,540,PLEASE,0
604,582,579,570,532,PLEASE,0
599,588,584,579,557,PLEASE,0
611,608,590,577,563,PLEASE,0
601,608,587,565,560,PLEASE,0
590,577,597,580,572,PLEASE,0
610,592,561,565,557,PLEASE,0
590,595,583,581,564,PLEASE,0
622,596,583,574,562,PLEASE,0
607,597,586,589,554,PLEASE,0
611,588,573,573,559,PLEASE,0
608,584,567,565,559,PLEASE,0
597,611,593,579,556,PLEASE,0
580,583,576,550,575,PLEASE,0
611,606,589,567,558,PLEASE,0
599,584,577,585,565,PLEASE,0
606,611,611,558,589,PLEASE,0
605,583,578,574,561,PLEASE,0
626,588,554,578,558,PLEASE,0
606,591,580,588,561,PLEASE,0
599,579,594,583,569,PLEASE,0
594,576,580,559,556,PLEASE,0
611,605,589,556,567,PLEASE,0
587,581,569,576,564,PLEASE,0
604,587,570,560,558,PLEASE,0
602,587,575,574,563,PLEASE,0
602,586,575,571,560,PLEASE,0
603,585,574,570,549,PLEASE,0
630,578,583,573,570,PLEASE,0
604,594,585,556,561,PLEASE,0
601,581,573,548,561,PLEASE,0
612,584,584,575,566,PLEASE,0
601,586,600,588,557,PLEASE,0
573,604,582,558,530,PLEASE,0
601,577,572,563,562,PLEASE,0
612,587,596,548,546,PLEASE,0
599,584,578,554,546,PLEASE,0
617,608,568,566,562,PLEASE,0
581,588,582,586,575,PLEASE,0
572,578,593,561,549,PLEASE,0
608,605,567,576,564,PLEASE,0
595,599,577,560,548,PLEASE,0
598,593,567,581,561,PLEASE,0
591,601,606,583,551,PLEASE,0
599,590,581,568,574,PLEASE,0
584,588,559,582,553,PLEASE,0
601,573,578,568,566,PLEASE,0
585,598,593,589,579,PLEASE,0
615,598,587,556,553,PLEASE,0
606,611,578,567,553,PLEASE,0
615,567,580,576,542,PLEASE,0
611,611,578,576,556,PLEASE,0
596,587,581,576,560,PLEASE,0
592,583,577,570,541,PLEASE,0
593,595,582,582,551,PLEASE,0
599,597,581,557,555,PLEASE,0
602,589,588,559,565,PLEASE,0
600,585,574,562,542,PLEASE,0
583,617,572,572,572,PLEASE,0
758,750,725,722,706,SORRY,0
752,756,747,714,716,SORRY,0
755,744,726,726,710,SORRY,0
745,745,731,715,695,SORRY,0
743,743,723,737,718,SORRY,0
744,738,733,733,705,SORRY,0
779,750,725,722,711,SORRY,0
734,731,738,727,707,SORRY,0
760,727,743,722,726,SORRY,0
749,757,751,723,708,SORRY,0
746,736,725,712,725,SORRY,0
754,740,728,724,719,SORRY,0
755,742,723,714,713,SORRY,0
755,744,735,718,716,SORRY,0
754,742,726,718,710,SORRY,0
749,741,725,720,717,SORRY,0
744,746,723,727,696,SORRY,0
740,737,718,730,713,SORRY,0
760,751,747,730,702,SORRY,0
737,731,742,718,717,SORRY,0
755,731,728,738,702,SORRY,0
745,721,728,727,714,SORRY,0
743,743,741,704,711,SORRY,0
749,727,738,718,718,SORRY,0
762,734,734,718,713,SORRY,0
754,754,732,728,696,SORRY,0
741,742,715,711,696,SORRY,0
758,748,724,732,708,SORRY,0
752,736,713,721,712,SORRY,0
756,735,732,721,701,SORRY,0
743,735,726,715,721,SORRY,0
763,735,721,728,717,SORRY,0
761,741,737,719,699,SORRY,0
746,751,719,732,701,SORRY,0
754,737,745,714,720,SORRY,0
751,746,728,723,708,SORRY,0
730,745,715,718,716,SORRY,0
747,712,726,703,715,SORRY,0
743,746,731,728,707,SORRY,0
739,737,725,729,709,SORRY,0
752,738,742,720,702,SORRY,0
757,730,742,713,708,SORRY,0
756,753,731,720,709,SORRY,0
753,760,745,735,703,SORRY,0
755,741,713,713,715,SORRY,0
763,747,732,719,700,SORRY,0
752,729,738,720,720,SORRY,0
747,749,745,731,701,SORRY,0
746,743,744,734,715,SORRY,0
767,721,730,734,700,SORRY,0
778,743,712,716,707,SORRY,0
757,717,728,721,696,SORRY,0
750,750,723,718,710,SORRY,0
750,730,728,722,723,SORRY,0
751,745,740,726,703,SORRY,0
753,721,720,721,700,SORRY,0
748,734,727,735,695,SORRY,0
743,747,726,734,687,SORRY,0
760,743,737,706,715,SORRY,0
757,736,724,737,724,SORRY,0
757,739,746,727,718,SORRY,0
734,733,726,716,709,SORRY,0
765,735,734,721,720,SORRY,0
755,744,743,727,729,SORRY,0
745,736,724,712,711,SORRY,0
737,747,726,735,723,SORRY,0
747,742,726,713,712,SORRY,0
742,716,734,706,713,SORRY,0
729,716,724,718,701,SORRY,0
753,726,719,732,725,SORRY,0
758,730,733,713,708,SORRY,0
759,734,720,719,709,SORRY,0
758,742,729,709,726,SORRY,0
745,730,739,715,722,SORRY,0
759,742,713,726,691,SORRY,0
737,735,727,730,706,SORRY,0
766,742,743,709,698,SORRY,0
754,736,724,721,706,SORRY,0
763,731,726,709,701,SORRY,0
740,724,731,711,699,SORRY,0
758,722,745,722,718,SORRY,0
741,736,746,704,711,SORRY,0
743,737,721,717,713,SORRY,0
771,731,741,713,692,SORRY,0
758,750,709,718,701,SORRY,0
762,743,726,713,696,SORRY,0
755,741,731,730,707,SORRY,0
756,734,751,726,715,SORRY,0
748,719,728,727,708,SORRY,0
754,731,741,728,720,SORRY,0
754,730,722,717,712,SORRY,0
754,741,727,722,728,SORRY,0
753,746,726,732,718,SORRY,0
750,757,735,736,708,SORRY,0
747,741,747,708,712,SORRY,0
753,735,741,726,718,SORRY,0
772,746,719,715,714,SORRY,0
775,731,717,717,705,SORRY,0
758,743,717,715,711,SORRY,0
749,741,726,723,707,SORRY,0
177,829,175,208,805,HELP,0
205,837,183,199,786,HELP,0
202,818,195,207,802,HELP,0
212,806,188,190,795,HELP,0
224,831,201,226,785,HELP,0
194,839,210,213,804,HELP,0
220,826,200,190,801,HELP,0
186,824,209,214,783,HELP,0
202,836,226,199,782,HELP,0
204,829,208,221,812,HELP,0
205,822,201,202,808,HELP,0
200,820,216,213,810,HELP,0
194,808,211,217,815,HELP,0
199,822,201,193,811,HELP,0
197,825,207,217,828,HELP,0
212,833,206,230,815,HELP,0
196,811,195,204,789,HELP,0
212,828,208,210,801,HELP,0
187,797,206,219,805,HELP,0
179,812,188,225,785,HELP,0
177,829,187,220,809,HELP,0
193,831,209,205,786,HELP,0
178,822,172,209,804,HELP,0
193,827,185,212,791,HELP,0
194,824,194,192,790,HELP,0
206,798,208,207,821,HELP,0
191,829,209,218,800,HELP,0
186,810,206,213,781,HELP,0
206,820,211,217,815,HELP,0
202,820,185,191,802,HELP,0
191,805,218,210,806,HELP,0
224,831,195,195,803,HELP,0
189,824,191,222,803,HELP,0
204,813,189,210,805,HELP,0
183,822,200,206,799,HELP,0
186,825,199,224,809,HELP,0
191,819,210,197,795,HELP,0
176,839,194,212,802,HELP,0
192,810,189,216,792,HELP,0
202,798,217,201,778,HELP,0
191,827,218,208,818,HELP,0
191,816,195,216,798,HELP,0
180,841,203,212,810,HELP,0
224,833,182,229,785,HELP,0
185,836,212,192,795,HELP,0
216,814,204,194,786,HELP,0
191,811,176,212,815,HELP,0
186,802,207,218,784,HELP,0
217,847,211,240,791,HELP,0
182,820,195,211,812,HELP,0
215,839,183,220,814,HELP,0
221,821,204,224,802,HELP,0
196,824,184,199,797,HELP,0
201,819,190,208,790,HELP,0
203,835,231,205,812,HELP,0
203,820,210,205,803,HELP,0
205,819,201,213,820,HELP,0
192,819,227,216,810,HELP,0
217,825,186,192,800,HELP,0
207,793,211,201,815,HELP,0
210,799,202,206,799,HELP,0
225,835,198,229,814,HELP,0
219,822,181,192,820,HELP,0
210,829,201,193,780,HELP,0
198,789,213,209,823,HELP,0
210,836,220,216,791,HELP,0
195,803,178,219,813,HELP,0
210,795,200,195,808,HELP,0
182,821,192,206,783,HELP,0
196,795,203,228,815,HELP,0
192,816,202,216,787,HELP,0
189,814,194,207,811,HELP,0
192,833,196,205,802,HELP,0
205,821,188,212,804,HELP,0
218,796,174,189,791,HELP,0
183,817,203,213,793,HELP,0
186,820,193,214,803,HELP,0
208,797,198,184,783,HELP,0
191,809,197,191,786,HELP,0
200,809,182,195,791,HELP,0
207,811,210,199,795,HELP,0
203,822,224,214,783,HELP,0
196,794,201,193,795,HELP,0
195,826,201,177,814,HELP,0
206,819,216,222,812,HELP,0
201,820,207,230,803,HELP,0
198,811,211,209,806,HELP,0
208,836,190,201,781,HELP,0
199,836,213,217,808,HELP,0
195,821,222,224,806,HELP,0
202,816,204,231,785,HELP,0
207,823,207,215,806,HELP,0
208,828,183,196,799,HELP,0
185,810,210,206,776,HELP,0
181,818,210,228,799,HELP,0
180,821,210,206,791,HELP,0
202,828,198,210,799,HELP,0
201,823,201,201,797,HELP,0
212,829,228,211,815,HELP,0
194,820,212,204,784,HELP,0
797,210,216,205,839,LOVE,0
808,193,210,194,824,LOVE,0
779,214,200,198,835,LOVE,0
809,206,217,186,838,LOVE,0
807,207,179,224,824,LOVE,0
792,216,192,195,826,LOVE,0
792,213,207,192,823,LOVE,0
790,182,212,195,813,LOVE,0
782,199,193,188,828,LOVE,0
784,198,201,212,827,LOVE,0
811,197,218,207,834,LOVE,0
797,204,200,197,825,LOVE,0
799,205,204,207,819,LOVE,0
804,205,202,194,831,LOVE,0
810,208,185,199,832,LOVE,0
806,200,204,214,819,LOVE,0
803,190,202,196,840,LOVE,0
799,206,196,210,809,LOVE,0
813,200,196,208,821,LOVE,0
801,194,207,193,819,LOVE,0
811,197,199,215,829,LOVE,0
800,217,197,180,822,LOVE,0
814,190,199,181,829,LOVE,0
785,205,179,196,803,LOVE,0
806,190,193,217,814,LOVE,0
790,187,203,193,815,LOVE,0
783,210,185,195,811,LOVE,0
792,194,211,201,816,LOVE,0
791,186,176,209,839,LOVE,0
810,195,211,196,794,LOVE,0
783,199,204,206,823,LOVE,0
793,203,200,180,821,LOVE,0
789,201,194,203,834,LOVE,0
794,184,183,209,815,LOVE,0
812,211,196,195,810,LOVE,0
809,200,206,188,830,LOVE,0
788,217,191,204,831,LOVE,0
806,192,194,194,816,LOVE,0
799,211,193,214,814,LOVE,0
802,181,191,208,799,LOVE,0
809,218,196,187,817,LOVE,0
812,194,205,201,819,LOVE,0
799,216,211,194,831,LOVE,0
824,203,198,181,807,LOVE,0
807,209,191,207,828,LOVE,0
785,185,218,202,830,LOVE,0
832,196,201,203,822,LOVE,0
795,177,181,198,821,LOVE,0
804,209,222,178,834,LOVE,0
804,187,202,190,821,LOVE,0
797,186,185,211,828,LOVE,0
809,196,227,190,828,LOVE,0
795,206,195,195,825,LOVE,0
792,203,213,211,816,LOVE,0
803,196,203,207,827,LOVE,0
791,241,205,202,825,LOVE,0
804,193,196,196,826,LOVE,0
813,193,207,203,809,LOVE,0
810,215,189,207,834,LOVE,0
822,205,196,188,830,LOVE,0
823,200,211,200,810,LOVE,0
785,188,205,195,812,LOVE,0
806,210,190,205,820,LOVE,0
803,208,208,191,823,LOVE,0
800,204,203,207,810,LOVE,0
802,182,194,200,825,LOVE,0
781,195,182,195,806,LOVE,0
800,181,184,211,813,LOVE,0
802,214,197,219,814,LOVE,0
821,205,210,198,820,LOVE,0
790,207,196,201,809,LOVE,0
807,206,196,193,806,LOVE,0
795,225,196,188,813,LOVE,0
805,195,181,199,817,LOVE,0
794,180,191,174,821,LOVE,0
800,203,189,169,828,LOVE,0
798,194,197,191,825,LOVE,0
800,205,206,196,826,LOVE,0
793,202,202,180,820,LOVE,0
811,213,209,211,845,LOVE,0
798,186,195,209,824,LOVE,0
791,192,191,171,804,LOVE,0
808,197,195,195,819,LOVE,0
809,182,184,200,834,LOVE,0
812,193,203,193,830,LOVE,0
794,197,185,203,817,LOVE,0
802,211,216,213,824,LOVE,0
804,197,192,200,830,LOVE,0
807,197,207,214,826,LOVE,0
779,190,220,200,816,LOVE,0
790,206,207,201,823,LOVE,0
806,184,209,196,832,LOVE,0
805,203,196,198,837,LOVE,0
795,199,193,198,819,LOVE,0
795,193,204,212,807,LOVE,0
783,209,188,185,809,LOVE,0
784,210,216,198,808,LOVE,0
809,190,186,202,798,LOVE,0
816,197,200,193,829,LOVE,0
808,212,228,200,828,LOVE,0
818,823,182,184,193,GOOD,0
827,782,198,201,204,GOOD,0
826,809,222,199,194,GOOD,0
834,824,203,197,202,GOOD,0
833,810,207,202,202,GOOD,0
836,791,191,218,232,GOOD,0
827,806,198,211,198,GOOD,0
824,833,194,199,191,GOOD,0
813,801,213,217,180,GOOD,0
816,811,210,199,188,GOOD,0
826,801,201,196,203,GOOD,0
820,804,202,220,197,GOOD,0
814,813,198,196,200,GOOD,0
824,804,175,194,218,GOOD,0
827,806,210,203,207,GOOD,0
808,792,206,220,195,GOOD,0
819,802,196,194,228,GOOD,0
845,809,190,214,198,GOOD,0
821,779,205,196,219,GOOD,0
824,794,203,202,189,GOOD,0
822,793,213,216,209,GOOD,0
804,808,208,206,211,GOOD,0
819,791,214,223,208,GOOD,0
814,827,209,212,192,GOOD,0
821,815,195,194,193,GOOD,0
805,795,209,210,204,GOOD,0
832,798,194,180,192,GOOD,0
805,821,203,199,196,GOOD,0
822,788,190,183,215,GOOD,0
814,806,205,198,203,GOOD,0
823,795,188,211,210,GOOD,0
817,799,183,198,184,GOOD,0
806,799,196,207,207,GOOD,0
812,802,205,180,208,GOOD,0
819,808,217,206,202,GOOD,0
830,786,196,196,194,GOOD,0
822,797,190,188,198,GOOD,0
812,804,200,203,216,GOOD,0
808,803,189,191,206,GOOD,0
818,812,200,189,200,GOOD,0
821,806,219,206,201,GOOD,0
830,817,196,182,213,GOOD,0
818,818,194,206,201,GOOD,0
821,793,201,192,206,GOOD,0
790,800,194,211,200,GOOD,0
804,803,181,189,204,GOOD,0
813,781,219,215,192,GOOD,0
823,809,201,206,205,GOOD,0
819,787,219,192,189,GOOD,0
824,794,192,206,195,GOOD,0
819,800,208,212,202,GOOD,0
832,807,219,205,197,GOOD,0
807,816,215,210,206,GOOD,0
830,802,216,204,198,GOOD,0
804,802,202,203,183,GOOD,0
825,790,225,203,211,GOOD,0
827,815,221,182,211,GOOD,0
839,801,203,194,192,GOOD,0
844,802,204,202,195,GOOD,0
816,785,198,199,209,GOOD,0
820,805,208,208,210,GOOD,0
841,803,205,191,218,GOOD,0
812,796,181,217,214,GOOD,0
831,810,210,193,202,GOOD,0
820,812,196,201,226,GOOD,0
804,790,177,205,195,GOOD,0
812,794,205,183,195,GOOD,0
796,801,187,194,202,GOOD,0
814,778,193,183,191,GOOD,0
801,794,204,208,196,GOOD,0
818,811,188,204,196,GOOD,0
804,786,195,205,188,GOOD,0
834,798,200,191,187,GOOD,0
801,798,191,199,179,GOOD,0
820,783,203,200,182,GOOD,0
813,799,204,198,203,GOOD,0
822,799,201,180,207,GOOD,0
798,794,203,228,196,GOOD,0
819,786,184,196,190,GOOD,0
825,798,190,198,206,GOOD,0
820,794,198,191,208,GOOD,0
803,807,200,199,200,GOOD,0
827,791,183,192,192,GOOD,0
833,817,195,194,200,GOOD,0
827,811,197,179,176,GOOD,0
805,806,199,186,211,GOOD,0
814,814,191,207,206,GOOD,0
812,790,196,206,197,GOOD,0
803,788,194,221,204,GOOD,0
832,812,194,221,220,GOOD,0
847,809,204,203,208,GOOD,0
820,783,192,204,184,GOOD,0
818,810,205,204,198,GOOD,0
814,795,188,215,196,GOOD,0
838,830,209,205,210,GOOD,0
842,806,194,209,199,GOOD,0
820,808,202,201,218,GOOD,0
826,785,196,216,204,GOOD,0
835,800,196,206,207,GOOD,0
808,813,204,205,196,GOOD,0
185,189,181,206,212,BAD,0
193,212,220,188,188,BAD,0
200,207,211,190,196,BAD,0
200,184,204,183,192,BAD,0
211,203,197,207,202,BAD,0
194,207,191,203,200,BAD,0
211,187,212,187,199,BAD,0
204,196,193,206,200,BAD,0
204,209,199,205,207,BAD,0
200,221,192,204,209,BAD,0
199,191,209,209,213,BAD,0
209,197,206,218,187,BAD,0
197,200,202,215,203,BAD,0
194,211,196,198,211,BAD,0
208,215,204,204,214,BAD,0
207,223,203,200,204,BAD,0
208,198,201,205,212,BAD,0
205,205,224,204,212,BAD,0
208,202,218,206,197,BAD,0
189,195,211,204,202,BAD,0
191,198,195,193,218,BAD,0
195,210,206,190,197,BAD,0
186,201,194,201,200,BAD,0
211,209,196,198,196,BAD,0
193,217,199,194,195,BAD,0
198,205,183,221,196,BAD,0
205,211,195,200,206,BAD,0
213,209,207,202,181,BAD,0
177,188,188,198,189,BAD,0
179,197,194,197,200,BAD,0
193,198,197,189,190,BAD,0
186,183,198,200,194,BAD,0
201,186,212,208,195,BAD,0
204,195,199,199,200,BAD,0
187,196,194,175,204,BAD,0
202,200,199,193,178,BAD,0
205,194,198,188,201,BAD,0
206,197,208,196,211,BAD,0
207,195,190,191,187,BAD,0
204,209,199,208,187,BAD,0
203,202,198,201,198,BAD,0
192,198,211,193,197,BAD,0
206,207,205,197,199,BAD,0
191,207,191,203,203,BAD,0
196,201,217,202,190,BAD,0
207,196,201,202,194,BAD,0
196,198,202,197,208,BAD,0
204,200,201,196,192,BAD,0
212,202,215,198,214,BAD,0
214,190,190,205,212,BAD,0
207,185,199,205,190,BAD,0
186,202,206,189,199,BAD,0
208,203,211,201,208,BAD,0
207,210,192,212,209,BAD,0
192,219,202,195,198,BAD,0
215,210,197,205,204,BAD,0
197,220,208,207,203,BAD,0
208,196,206,193,202,BAD,0
187,182,205,200,205,BAD,0
212,215,208,204,213,BAD,0
187,194,197,196,198,BAD,0
205,200,198,196,202,BAD,0
194,190,190,193,209,BAD,0
193,192,196,195,214,BAD,0
206,198,209,203,205,BAD,0
184,210,203,216,194,BAD,0
195,202,188,212,188,BAD,0
184,209,193,200,209,BAD,0
174,207,192,196,180,BAD,0
202,208,196,211,216,BAD,0
198,200,204,195,196,BAD,0
201,195,207,187,182,BAD,0
191,224,202,199,201,BAD,0
190,200,199,184,193,BAD,0
192,193,196,201,193,BAD,0
194,201,207,194,188,BAD,0
196,202,186,202,195,BAD,0
207,193,194,199,201,BAD,0
192,201,190,190,187,BAD,0
201,188,184,206,206,BAD,0
190,183,199,200,199,BAD,0
196,203,205,193,199,BAD,0
217,198,207,189,186,BAD,0
207,199,196,194,204,BAD,0
187,202,206,202,186,BAD,0
202,191,184,217,191,BAD,0
196,226,195,200,211,BAD,0
208,197,210,201,198,BAD,0
197,197,188,194,210,BAD,0
206,192,199,201,209,BAD,0
193,207,205,194,212,BAD,0
191,202,197,206,195,BAD,0
196,218,196,200,199,BAD,0
211,205,199,203,201,BAD,0
198,206,211,216,188,BAD,0
203,197,209,210,203,BAD,0
214,206,203,211,218,BAD,0
198,221,206,192,196,BAD,0
202,201,183,202,198,BAD,0
210,211,213,192,185,BAD,0
800,766,789,756,738,STOP,0
782,766,763,743,736,STOP,0
779,773,768,742,736,STOP,0
772,767,749,738,747,STOP,0
781,778,758,752,749,STOP,0
766,765,743,752,746,STOP,0
784,780,763,755,726,STOP,0
787,779,779,749,753,STOP,0
775,766,757,738,756,STOP,0
804,778,768,768,741,STOP,0
787,778,747,762,738,STOP,0
775,776,764,761,744,STOP,0
799,779,777,746,733,STOP,0
796,767,745,743,755,STOP,0
793,769,756,754,742,STOP,0
783,774,762,749,749,STOP,0
776,760,769,758,746,STOP,0
790,785,757,770,750,STOP,0
777,777,755,770,745,STOP,0
787,787,765,761,747,STOP,0
782,781,753,760,749,STOP,0
782,769,767,735,724,STOP,0
781,763,737,751,763,STOP,0
781,757,751,736,736,STOP,0
782,766,759,753,741,STOP,0
789,759,766,758,741,STOP,0
774,783,757,763,736,STOP,0
775,773,752,760,730,STOP,0
770,770,741,745,740,STOP,0
781,780,762,740,729,STOP,0
779,768,767,737,729,STOP,0
779,784,741,740,740,STOP,0
793,756,762,746,728,STOP,0
783,761,764,753,713,STOP,0
786,761,750,755,739,STOP,0
775,750,753,739,738,STOP,0
790,785,761,759,740,STOP,0
780,749,769,767,738,STOP,0
785,775,782,752,742,STOP,0
773,776,781,730,733,STOP,0
774,752,762,769,742,STOP,0
788,769,750,745,734,STOP,0
771,793,765,744,743,STOP,0
774,780,769,753,748,STOP,0
783,781,766,735,732,STOP,0
778,771,771,735,741,STOP,0
782,782,755,753,758,STOP,0
792,781,757,741,746,STOP,0
778,760,751,751,726,STOP,0
778,772,755,748,744,STOP,0
785,763,750,756,728,STOP,0
766,774,765,769,753,STOP,0
771,767,765,761,749,STOP,0
798,780,773,771,745,STOP,0
776,771,762,743,742,STOP,0
772,768,769,749,736,STOP,0
781,772,765,763,739,STOP,0
779,771,774,772,755,STOP,0
789,762,752,753,751,STOP,0
785,773,772,748,752,STOP,0
790,785,769,763,738,STOP,0
776,765,767,738,739,STOP,0
781,753,758,744,754,STOP,0
754,769,749,749,739,STOP,0
786,775,745,750,735,STOP,0
792,765,748,746,732,STOP,0
768,757,742,755,742,STOP,0
777,774,755,753,739,STOP,0
766,766,763,752,722,STOP,0
766,774,750,742,743,STOP,0
784,768,760,752,741,STOP,0
770,768,775,744,742,STOP,0
788,773,766,737,729,STOP,0
775,763,756,738,744,STOP,0
762,768,775,744,730,STOP,0
775,757,749,742,747,STOP,0
784,782,755,747,723,STOP,0
780,772,766,744,736,STOP,0
789,773,777,749,750,STOP,0
778,781,743,764,744,STOP,0
781,768,766,749,711,STOP,0
773,789,759,745,724,STOP,0
757,770,761,746,738,STOP,0
774,770,772,748,738,STOP,0
776,780,752,753,749,STOP,0
794,771,751,752,735,STOP,0
788,764,771,752,736,STOP,0
791,776,766,738,743,STOP,0
773,772,767,742,742,STOP,0
777,776,779,756,736,STOP,0
777,774,765,756,730,STOP,0
793,756,749,742,758,STOP,0
777,778,767,743,727,STOP,0
792,764,779,768,732,STOP,0
773,779,777,758,761,STOP,0
783,772,762,763,744,STOP,0
773,771,765,745,742,STOP,0
788,777,754,741,749,STOP,0
776,760,769,752,748,STOP,0
765,760,766,749,731,STOP,0
299,813,800,790,791,GO,0
305,811,822,780,809,GO,0
297,828,808,798,798,GO,0
284,811,806,815,786,GO,0
302,841,801,803,785,GO,0
305,813,806,790,811,GO,0
309,801,811,806,802,GO,0
290,817,829,799,796,GO,0
289,820,808,810,782,GO,0
299,823,809,801,775,GO,0
304,829,826,791,809,GO,0
290,833,815,805,780,GO,0
302,836,812,822,796,GO,0
294,821,833,798,780,GO,0
295,827,819,796,788,GO,0
308,831,797,778,807,GO,0
295,835,818,816,818,GO,0
307,809,813,793,800,GO,0
313,822,773,822,776,GO,0
301,835,817,808,821,GO,0
313,835,794,811,782,GO,0
314,836,806,783,803,GO,0
310,805,804,812,799,GO,0
322,832,809,814,802,GO,0
294,790,793,792,789,GO,0
276,829,791,808,788,GO,0
298,823,801,805,796,GO,0
265,814,798,765,789,GO,0
293,802,815,805,803,GO,0
311,832,807,784,798,GO,0
296,803,809,805,784,GO,0
291,807,824,805,800,GO,0
286,815,791,804,768,GO,0
284,817,815,805,785,GO,0
291,823,811,806,793,GO,0
300,819,830,781,794,GO,0
308,834,812,788,793,GO,0
324,810,813,803,767,GO,0
279,828,819,780,792,GO,0
310,817,813,803,762,GO,0
289,818,800,786,787,GO,0
301,829,809,806,779,GO,0
287,813,813,787,790,GO,0
304,824,824,808,789,GO,0
309,839,830,801,797,GO,0
318,812,830,792,793,GO,0
312,823,801,802,783,GO,0
327,818,813,803,805,GO,0
311,829,819,811,798,GO,0
296,842,814,799,822,GO,0
299,827,812,790,776,GO,0
317,816,832,817,797,GO,0
298,836,803,812,767,GO,0
300,820,824,808,794,GO,0
311,817,811,804,772,GO,0
317,826,802,804,795,GO,0
310,830,809,811,796,GO,0
301,818,832,807,787,GO,0
296,834,808,799,777,GO,0
310,828,804,818,797,GO,0
288,825,787,790,793,GO,0
285,797,792,792,799,GO,0
295,806,805,815,789,GO,0
295,818,807,801,796,GO,0
287,825,800,814,787,GO,0
286,805,797,806,783,GO,0
300,825,814,792,802,GO,0
290,804,813,785,791,GO,0
296,818,810,788,776,GO,0
297,832,836,797,788,GO,0
305,805,826,794,769,GO,0
341,813,813,787,777,GO,0
288,817,811,797,780,GO,0
284,834,832,804,776,GO,0
302,829,812,795,771,GO,0
321,819,806,785,790,GO,0
320,835,829,791,773,GO,0
288,824,803,784,779,GO,0
299,808,810,790,764,GO,0
308,823,828,792,781,GO,0
298,814,781,791,782,GO,0
298,824,807,792,800,GO,0
286,804,813,810,790,GO,0
316,830,804,786,783,GO,0
295,821,813,798,799,GO,0
314,822,817,808,786,GO,0
312,818,827,804,804,GO,0
322,821,818,794,796,GO,0
289,804,830,794,815,GO,0
300,845,804,800,793,GO,0
294,851,819,810,799,GO,0
280,825,794,810,787,GO,0
310,824,822,815,796,GO,0
299,816,802,815,801,GO,0
325,817,828,798,783,GO,0
308,825,791,819,791,GO,0
318,816,803,808,789,GO,0
294,810,818,816,805,GO,0
284,817,813,788,766,GO,0
300,811,803,815,807,GO,0
828,596,583,595,550,COME,0
818,598,576,600,578,COME,0
830,583,599,570,568,COME,0
827,597,612,572,567,COME,0
833,582,583,568,576,COME,0
819,594,602,579,591,COME,0
840,590,607,593,557,COME,0
815,596,587,588,568,COME,0
817,597,614,576,574,COME,0
821,617,594,569,571,COME,0
822,612,594,588,563,COME,0
829,612,586,601,576,COME,0
824,600,600,584,591,COME,0
835,602,594,570,575,COME,0
812,594,565,574,586,COME,0
826,609,591,595,572,COME,0
823,599,609,577,570,COME,0
796,592,594,568,559,COME,0
805,593,578,567,585,COME,0
821,601,586,585,577,COME,0
828,604,599,579,572,COME,0
826,595,567,579,575,COME,0
811,609,563,561,582,COME,0
837,601,591,592,551,COME,0
820,609,601,576,560,COME,0
795,595,586,604,560,COME,0
812,607,598,576,593,COME,0
807,585,595,570,579,COME,0
820,611,608,571,570,COME,0
815,593,599,564,573,COME,0
815,598,578,575,552,COME,0
817,601,570,598,574,COME,0
829,592,582,573,573,COME,0
820,593,574,566,551,COME,0
825,584,586,595,576,COME,0
827,602,611,595,569,COME,0
820,601,596,574,567,COME,0
816,595,602,577,589,COME,0
806,592,572,584,584,COME,0
830,585,612,588,562,COME,0
811,600,608,563,592,COME,0
839,599,611,583,562,COME,0
824,615,588,572,546,COME,0
815,606,588,574,570,COME,0
825,606,591,578,570,COME,0
815,598,583,591,588,COME,0
826,607,595,563,559,COME,0
814,623,577,576,567,COME,0
820,596,598,578,578,COME,0
839,622,588,584,569,COME,0
815,604,578,601,571,COME,0
811,601,599,581,583,COME,0
820,592,595,570,578,COME,0
825,613,574,582,584,COME,0
816,604,579,595,567,COME,0
823,606,606,597,594,COME,0
814,594,589,582,589,COME,0
833,601,601,569,592,COME,0
804,600,569,573,555,COME,0
819,575,601,593,569,COME,0
820,595,594,586,580,COME,0
819,625,590,597,566,COME,0
814,615,599,564,560,COME,0
797,604,587,586,585,COME,0
797,601,595,581,569,COME,0
823,596,586,595,562,COME,0
802,609,580,568,578,COME,0
803,614,583,580,586,COME,0
814,586,591,557,567,COME,0
825,594,590,584,559,COME,0
829,592,593,578,563,COME,0
818,612,583,585,571,COME,0
828,622,587,587,564,COME,0
815,609,599,573,561,COME,0
824,598,575,569,575,COME,0
804,607,581,588,572,COME,0
822,596,600,579,577,COME,0
814,608,590,577,559,COME,0
800,633,596,580,590,COME,0
809,603,584,572,567,COME,0
831,593,589,565,569,COME,0
819,597,589,588,565,COME,0
822,585,597,574,562,COME,0
827,616,578,579,577,COME,0
812,600,591,561,573,COME,0
819,600,603,577,594,COME,0
807,593,598,592,570,COME,0
838,585,592,596,577,COME,0
812,607,593,596,574,COME,0
823,601,610,574,571,COME,0
836,604,578,559,568,COME,0
809,598,613,587,568,COME,0
809,589,599,580,555,COME,0
811,600,605,596,595,COME,0
812,602,581,578,560,COME,0
838,595,583,578,563,COME,0
834,610,592,555,573,COME,0
811,593,588,583,567,COME,0
823,610,608,584,570,COME,0
833,596,594,599,576,COME,0
391,799,798,805,776,WAIT,0
392,817,815,788,790,WAIT,0
403,822,798,791,769,WAIT,0
392,816,806,797,779,WAIT,0
413,802,801,795,788,WAIT,0
395,812,808,789,765,WAIT,0
403,791,811,774,778,WAIT,0
398,816,803,785,756,WAIT,0
389,790,798,802,786,WAIT,0
411,831,802,814,782,WAIT,0
407,817,812,778,782,WAIT,0
399,801,808,782,788,WAIT,0
393,794,799,788,791,WAIT,0
404,816,806,781,779,WAIT,0
398,803,807,785,779,WAIT,0
391,800,814,795,781,WAIT,0
402,799,806,799,772,WAIT,0
409,804,817,786,797,WAIT,0
380,802,790,807,770,WAIT,0
395,791,795,792,773,WAIT,0
384,830,801,802,791,WAIT,0
412,810,799,782,776,WAIT,0
406,810,798,784,781,WAIT,0
403,820,802,785,785,WAIT,0
393,814,780,790,783,WAIT,0
402,815,787,782,770,WAIT,0
391,808,808,777,780,WAIT,0
382,812,786,785,791,WAIT,0
392,812,801,764,761,WAIT,0
405,806,797,764,775,WAIT,0
391,812,800,776,784,WAIT,0
382,812,801,791,773,WAIT,0
397,807,809,781,777,WAIT,0
397,804,791,773,771,WAIT,0
405,808,810,773,763,WAIT,0
396,798,806,792,784,WAIT,0
403,807,810,796,780,WAIT,0
394,828,785,773,779,WAIT,0
393,796,810,793,750,WAIT,0
394,808,777,788,786,WAIT,0
401,811,792,800,792,WAIT,0
413,796,787,785,792,WAIT,0
408,808,793,782,786,WAIT,0
380,811,808,777,796,WAIT,0
415,805,797,790,764,WAIT,0
398,810,808,810,768,WAIT,0
395,828,802,805,789,WAIT,0
397,809,792,793,772,WAIT,0
410,805,807,787,780,WAIT,0
415,808,799,815,774,WAIT,0
416,834,814,793,783,WAIT,0
411,802,793,800,787,WAIT,0
408,804,810,768,788,WAIT,0
393,807,795,781,775,WAIT,0
407,806,810,808,760,WAIT,0
389,820,798,796,774,WAIT,0
402,816,799,804,779,WAIT,0
409,796,809,781,795,WAIT,0
385,811,792,793,772,WAIT,0
415,796,812,783,783,WAIT,0
387,809,801,810,773,WAIT,0
407,803,777,797,790,WAIT,0
411,828,812,771,785,WAIT,0
392,805,801,786,780,WAIT,0
404,806,796,795,789,WAIT,0
372,790,789,794,769,WAIT,0
410,816,784,789,781,WAIT,0
399,805,786,789,777,WAIT,0
415,823,793,791,781,WAIT,0
408,807,801,784,768,WAIT,0
377,802,787,780,767,WAIT,0
396,810,789,782,789,WAIT,0
388,808,780,796,783,WAIT,0
379,804,798,775,782,WAIT,0
382,814,813,769,769,WAIT,0
399,800,791,805,768,WAIT,0
402,833,805,795,775,WAIT,0
408,812,785,795,781,WAIT,0
376,812,792,780,788,WAIT,0
393,803,794,795,779,WAIT,0
387,833,779,798,773,WAIT,0
417,814,788,765,784,WAIT,0
413,816,823,784,763,WAIT,0
390,805,792,780,774,WAIT,0
400,826,813,792,796,WAIT,0
402,820,786,798,773,WAIT,0
394,808,796,794,782,WAIT,0
404,791,808,811,783,WAIT,0
415,805,784,804,783,WAIT,0
406,819,799,777,784,WAIT,0
412,794,810,796,774,WAIT,0
386,831,803,768,771,WAIT,0
404,823,814,801,783,WAIT,0
397,814,813,776,777,WAIT,0
398,798,797,792,790,WAIT,0
394,806,806,801,785,WAIT,0
393,817,800,780,798,WAIT,0
413,790,790,795,780,WAIT,0
419,813,787,795,778,WAIT,0
412,809,807,795,786,WAIT,0
815,822,826,210,226,PEACE,0
815,814,809,224,216,PEACE,0
824,831,813,215,206,PEACE,0
817,826,812,193,211,PEACE,0
814,828,840,198,218,PEACE,0
829,814,832,216,213,PEACE,0
843,827,805,220,221,PEACE,0
812,839,816,215,213,PEACE,0
815,814,833,212,218,PEACE,0
837,821,825,214,230,PEACE,0
825,816,830,210,245,PEACE,0
837,832,826,231,210,PEACE,0
837,833,831,218,219,PEACE,0
812,840,819,232,212,PEACE,0
818,829,836,210,202,PEACE,0
832,822,818,211,207,PEACE,0
828,835,824,200,222,PEACE,0
823,844,819,227,193,PEACE,0
829,808,833,221,205,PEACE,0
834,821,826,211,218,PEACE,0
824,823,812,219,221,PEACE,0
819,830,822,224,209,PEACE,0
824,827,825,213,212,PEACE,0
836,830,807,207,205,PEACE,0
826,813,805,211,234,PEACE,0
824,807,820,208,228,PEACE,0
824,821,822,196,216,PEACE,0
816,786,816,208,226,PEACE,0
812,818,820,217,194,PEACE,0
804,819,815,182,210,PEACE,0
814,823,824,212,229,PEACE,0
818,825,822,202,196,PEACE,0
819,823,819,189,204,PEACE,0
803,812,816,215,206,PEACE,0
810,817,823,191,212,PEACE,0
820,824,834,215,214,PEACE,0
826,839,816,215,214,PEACE,0
810,803,812,200,221,PEACE,0
810,814,826,205,218,PEACE,0
845,804,811,214,212,PEACE,0
816,804,819,216,215,PEACE,0
837,809,798,204,222,PEACE,0
828,814,811,212,228,PEACE,0
835,828,826,200,190,PEACE,0
817,812,833,208,227,PEACE,0
813,816,820,209,195,PEACE,0
823,829,836,210,220,PEACE,0
817,824,826,209,208,PEACE,0
836,818,821,204,218,PEACE,0
813,807,829,214,211,PEACE,0
829,818,825,216,225,PEACE,0
835,824,825,213,215,PEACE,0
835,816,833,210,225,PEACE,0
810,821,824,212,232,PEACE,0
824,820,820,216,222,PEACE,0
825,829,815,205,199,PEACE,0
832,807,826,204,223,PEACE,0
826,802,817,218,215,PEACE,0
826,824,822,209,204,PEACE,0
792,825,818,211,217,PEACE,0
822,807,828,210,208,PEACE,0
833,814,796,212,204,PEACE,0
823,831,813,211,223,PEACE,0
835,824,822,217,215,PEACE,0
818,827,808,209,213,PEACE,0
822,812,834,207,207,PEACE,0
814,816,827,202,227,PEACE,0
824,819,814,212,218,PEACE,0
826,822,816,200,227,PEACE,0
814,807,824,203,220,PEACE,0
809,813,809,192,215,PEACE,0
825,813,805,211,211,PEACE,0
809,840,820,188,208,PEACE,0
819,818,814,210,212,PEACE,0
816,827,799,208,204,PEACE,0
823,829,816,210,205,PEACE,0
819,812,825,203,214,PEACE,0
813,809,818,218,221,PEACE,0
821,804,804,198,204,PEACE,0
826,831,810,202,205,PEACE,0
811,824,805,198,225,PEACE,0
830,828,825,190,201,PEACE,0
803,820,826,208,224,PEACE,0
819,817,813,214,219,PEACE,0
815,830,804,215,213,PEACE,0
828,808,813,202,228,PEACE,0
813,804,811,220,217,PEACE,0
812,803,829,217,215,PEACE,0
832,824,828,217,215,PEACE,0
820,812,833,215,239,PEACE,0
817,822,828,208,202,PEACE,0
803,825,822,222,191,PEACE,0
828,843,811,212,211,PEACE,0
819,825,821,221,216,PEACE,0
806,813,822,230,198,PEACE,0
815,831,809,206,208,PEACE,0
820,805,833,227,214,PEACE,0
819,826,807,230,197,PEACE,0
829,811,825,207,225,PEACE,0
827,829,832,219,207,PEACE,0